datetime,open,high,low,close,volume
2025-06-16T12:00:00+00:00,23713.46000000003,23809.970000000027,23639.96000000003,23674.880000000026,48173
2025-06-17T00:00:00+00:00,23674.880000000026,23674.880000000026,23400.680000000026,23613.180000000026,53441.586976320585
2025-06-17T12:00:00+00:00,23613.180000000026,23644.180000000026,23386.180000000026,23414.080000000027,62501
2025-06-18T00:00:00+00:00,23414.080000000027,23601.000000000025,23377.48000000003,23467.500000000025,41459.6944154551
2025-06-18T12:00:00+00:00,23467.500000000025,23521.990000000027,23351.98000000003,23403.380000000026,63939
2025-06-19T00:00:00+00:00,23403.380000000026,23403.380000000026,23193.750000000025,23286.250000000025,39211.497678891654
2025-06-19T12:00:00+00:00,23286.250000000025,23297.260000000028,23110.160000000025,23134.770000000026,27302.7692710205
2025-06-20T00:00:00+00:00,23134.770000000026,23587.140000000025,23134.770000000026,23496.150000000027,43573.24977704251
2025-06-20T12:00:00+00:00,23496.150000000027,23542.130000000026,23378.630000000026,23383.540000000026,65837
2025-06-23T00:00:00+00:00,23383.540000000026,23493.900000000027,23177.420000000027,23292.910000000025,42123.00621110673
2025-06-23T12:00:00+00:00,23292.910000000025,23541.410000000025,23225.400000000027,23524.80000000003,74277
2025-06-24T00:00:00+00:00,23524.80000000003,23923.530000000028,23524.80000000003,23787.030000000028,48347.299706063066
2025-06-24T12:00:00+00:00,23787.030000000028,23835.030000000028,23687.020000000026,23828.420000000027,37090
2025-06-25T00:00:00+00:00,23828.420000000027,23863.760000000028,23604.260000000028,23664.270000000026,33918.2630831217
2025-06-25T12:00:00+00:00,23664.270000000026,23673.750000000025,23568.760000000028,23611.160000000025,41490
2025-06-26T00:00:00+00:00,23611.160000000025,23818.370000000028,23595.860000000026,23723.870000000028,29719.883174920455
2025-06-26T12:00:00+00:00,23723.870000000028,23840.370000000028,23619.860000000026,23837.760000000028,38093
2025-06-27T00:00:00+00:00,23837.760000000028,23990.970000000027,23837.760000000028,23941.98000000003,32993.42192469015
2025-06-27T12:00:00+00:00,23941.98000000003,24204.48000000003,23912.96000000003,24180.360000000026,50561
2025-06-30T00:00:00+00:00,24180.360000000026,24275.810000000027,24067.290000000026,24103.810000000027,30615.52154967376
2025-06-30T12:00:00+00:00,24103.810000000027,24110.290000000026,23952.30000000003,24046.71000000003,38810
2025-07-01T00:00:00+00:00,24046.71000000003,24098.950000000026,23848.440000000028,23863.940000000028,32098.61859888524
2025-07-01T12:00:00+00:00,23863.940000000028,23921.950000000026,23735.440000000028,23809.850000000028,47821
2025-07-02T00:00:00+00:00,23809.850000000028,23960.73000000003,23807.73000000003,23856.23000000003,36423.42363158607
2025-07-02T12:00:00+00:00,23856.23000000003,23923.750000000025,23717.23000000003,23914.14000000003,45288
2025-07-03T00:00:00+00:00,23914.14000000003,24000.180000000026,23860.190000000028,23915.690000000028,29180.68322881389
2025-07-03T12:00:00+00:00,23915.690000000028,24053.680000000026,23887.670000000027,24026.580000000027,29295.83621137707
2025-07-04T00:00:00+00:00,24026.580000000027,24026.580000000027,23798.390000000025,23872.870000000024,36382.665967957946
2025-07-04T12:00:00+00:00,23872.870000000024,23934.390000000025,23828.370000000024,23852.790000000026,20237.317594211843
2025-07-07T00:00:00+00:00,23852.790000000026,24107.380000000026,23852.790000000026,24103.370000000024,27056.36481260672
2025-07-07T12:00:00+00:00,24103.370000000024,24234.380000000026,24031.370000000024,24095.270000000026,35576
2025-07-08T00:00:00+00:00,24095.270000000026,24294.970000000027,24095.270000000026,24214.970000000027,35224.968012554564
2025-07-08T12:00:00+00:00,24214.970000000027,24384.470000000027,24180.470000000027,24349.870000000024,66619
2025-07-09T00:00:00+00:00,24349.870000000024,24607.110000000026,24301.500000000025,24598.120000000024,39570.02039567841
2025-07-09T12:00:00+00:00,24598.120000000024,24742.620000000024,24580.600000000024,24734.510000000028,59829
2025-07-10T00:00:00+00:00,24734.510000000028,24750.500000000025,24647.500000000025,24653.990000000027,37358.00178142577
2025-07-10T12:00:00+00:00,24653.990000000027,24679.490000000027,24532.990000000027,24556.900000000027,52789
2025-07-11T00:00:00+00:00,24556.900000000027,24556.900000000027,24266.380000000026,24351.890000000025,46514.50855578371
2025-07-11T12:00:00+00:00,24351.890000000025,24397.870000000024,24299.870000000024,24326.290000000026,61991
2025-07-14T00:00:00+00:00,24326.290000000026,24326.290000000026,24072.390000000025,24141.400000000027,35476.02230804187
2025-07-14T12:00:00+00:00,24141.400000000027,24340.890000000025,24113.890000000025,24324.800000000025,43883.09540034072
2025-07-15T00:00:00+00:00,24324.800000000025,24396.060000000027,24266.040000000026,24274.060000000027,35327.76555651646
2025-07-15T12:00:00+00:00,24274.060000000027,24348.540000000026,24144.940000000024,24144.960000000025,51399
2025-07-16T00:00:00+00:00,24144.960000000025,24276.170000000027,24026.180000000026,24266.180000000026,38757.7303802735
2025-07-16T12:00:00+00:00,24266.180000000026,24313.180000000026,24071.160000000025,24292.580000000027,54479
2025-07-17T00:00:00+00:00,24292.580000000027,24420.110000000026,24260.490000000027,24299.090000000026,38912.468861900765
2025-07-17T12:00:00+00:00,24299.090000000026,24522.590000000026,24295.590000000026,24506.490000000027,43139
2025-07-18T00:00:00+00:00,24506.490000000027,24598.830000000027,24412.310000000027,24442.830000000027,34980.16387413201
2025-07-18T12:00:00+00:00,24442.830000000027,24473.330000000027,24272.810000000027,24305.710000000025,43875
2025-07-21T00:00:00+00:00,24305.710000000025,24437.980000000025,24279.870000000024,24372.970000000027,31283.26582630781
2025-07-21T12:00:00+00:00,24372.970000000027,24414.480000000025,24288.490000000027,24346.380000000026,44284
2025-07-22T00:00:00+00:00,24346.380000000026,24366.780000000024,24116.280000000024,24167.800000000025,40214.93271164346
2025-07-22T12:00:00+00:00,24167.800000000025,24219.280000000024,24012.190000000024,24189.180000000026,68018
2025-07-23T00:00:00+00:00,24189.180000000026,24427.980000000025,24186.370000000024,24292.490000000027,56525.657029655995
2025-07-23T12:00:00+00:00,24292.490000000027,24632.890000000025,24225.970000000027,24630.870000000024,63326
2025-07-24T00:00:00+00:00,24630.870000000024,24670.100000000024,24423.080000000027,24454.090000000026,53776.54803080567
2025-07-24T12:00:00+00:00,24454.090000000026,24484.100000000024,24338.100000000024,24350.000000000025,59163
2025-07-25T00:00:00+00:00,24350.000000000025,24411.970000000027,24163.950000000026,24210.470000000027,45592.65180547467
2025-07-25T12:00:00+00:00,24210.470000000027,24420.970000000027,24174.960000000025,24411.860000000026,57565
2025-07-28T00:00:00+00:00,24411.860000000026,24668.050000000025,24313.570000000025,24316.560000000027,42048.16324086042
2025-07-28T12:00:00+00:00,24316.560000000027,24334.570000000025,24028.050000000025,24079.960000000025,59280
2025-07-29T00:00:00+00:00,24079.960000000025,24419.050000000025,24068.560000000027,24350.550000000025,42392.73123642277
2025-07-29T12:00:00+00:00,24350.550000000025,24407.050000000025,24278.560000000027,24321.970000000027,69729
2025-07-30T00:00:00+00:00,24321.970000000027,24394.620000000024,24238.610000000026,24366.120000000024,45729.511943702484
2025-07-30T12:00:00+00:00,24366.120000000024,24422.120000000024,24275.620000000024,24375.010000000028,66561
2025-07-31T00:00:00+00:00,24375.010000000028,24538.750000000025,24306.740000000027,24320.750000000025,43195.69787594572
2025-07-31T12:00:00+00:00,24320.750000000025,24353.740000000027,24069.740000000027,24127.160000000025,56933
2025-08-01T00:00:00+00:00,24127.160000000025,24132.050000000025,23682.540000000026,23727.540000000026,65646.57355765214
2025-08-01T12:00:00+00:00,23727.540000000026,23740.030000000024,23472.540000000026,23539.940000000024,104329
2025-08-04T00:00:00+00:00,23539.940000000024,23859.580000000027,23539.940000000024,23846.590000000026,47929.41619163414
2025-08-04T12:00:00+00:00,23846.590000000026,23908.090000000026,23785.080000000027,23903.990000000027,46810
2025-08-05T00:00:00+00:00,23903.990000000027,24070.520000000026,23889.400000000027,24064.500000000025,36194.05309596833
2025-08-05T12:00:00+00:00,24064.500000000025,24080.020000000026,23880.510000000028,23967.910000000025,65879
2025-08-06T00:00:00+00:00,23967.910000000025,24135.570000000025,23899.570000000025,23964.060000000027,40558.27373992991
2025-08-06T12:00:00+00:00,23964.060000000027,24069.070000000025,23924.050000000025,24041.450000000026,57157
2025-08-07T00:00:00+00:00,24041.450000000026,24487.100000000024,23996.600000000024,24394.110000000026,64969.40747028863
2025-08-07T12:00:00+00:00,24394.110000000026,24453.620000000024,24187.600000000024,24291.010000000028,63798
2025-08-08T00:00:00+00:00,24291.010000000028,24401.240000000027,24182.250000000025,24295.740000000027,34640.1196533779
2025-08-08T12:00:00+00:00,24295.740000000027,24365.740000000027,24200.740000000027,24317.640000000025,42247
2025-08-11T00:00:00+00:00,24317.640000000025,24380.160000000025,24141.640000000025,24239.160000000025,30904.695529341978
2025-08-11T12:00:00+00:00,24239.160000000025,24252.640000000025,24118.660000000025,24178.560000000027,39378
2025-08-12T00:00:00+00:00,24178.560000000027,24288.070000000025,24035.070000000025,24056.080000000027,36858.479425511425
2025-08-12T12:00:00+00:00,24056.080000000027,24237.080000000027,24051.060000000027,24236.470000000027,52119
2025-08-13T00:00:00+00:00,24236.470000000027,24345.480000000025,24166.970000000027,24296.980000000025,27973.30381031986
2025-08-13T12:00:00+00:00,24296.980000000025,24332.470000000027,24245.490000000027,24315.880000000026,41130
2025-08-14T00:00:00+00:00,24315.880000000026,24458.960000000025,24211.960000000025,24448.480000000025,29412.7582328462
2025-08-14T12:00:00+00:00,24448.480000000025,24529.980000000025,24353.970000000027,24516.360000000026,45901
2025-08-15T00:00:00+00:00,24516.360000000026,24632.370000000024,24478.850000000024,24491.860000000026,33110.73781982645
2025-08-15T12:00:00+00:00,24491.860000000026,24501.870000000024,24416.860000000026,24471.260000000028,41900
2025-08-18T00:00:00+00:00,24471.260000000028,24539.320000000025,24332.320000000025,24365.810000000027,30389.004045918162
2025-08-18T12:00:00+00:00,24365.810000000027,24455.320000000025,24334.810000000027,24446.220000000027,27183
2025-08-19T00:00:00+00:00,24446.220000000027,24521.220000000027,24370.710000000025,24453.710000000025,27346.7293285754
2025-08-19T12:00:00+00:00,24453.710000000025,24536.210000000025,24411.200000000026,24440.610000000026,39055
2025-08-20T00:00:00+00:00,24440.610000000026,24462.350000000024,24298.840000000026,24430.340000000026,27509.93114879698
2025-08-20T12:00:00+00:00,24430.340000000026,24443.850000000024,24307.340000000026,24385.750000000025,51692
2025-08-21T00:00:00+00:00,24385.750000000025,24416.880000000026,24262.380000000026,24295.370000000024,26396.660294322195
2025-08-21T12:00:00+00:00,24295.370000000024,24395.880000000026,24274.890000000025,24367.790000000026,41431
2025-08-22T00:00:00+00:00,24367.790000000026,24426.130000000026,24287.120000000024,24374.620000000024,26466.14224327836
2025-08-22T12:00:00+00:00,24374.620000000024,24537.640000000025,24364.140000000025,24441.530000000024,47654
2025-08-25T00:00:00+00:00,24441.530000000024,24441.530000000024,24305.410000000025,24403.410000000025,23882.471279744866
2025-08-25T12:00:00+00:00,24403.410000000025,24468.930000000026,24322.430000000026,24359.310000000027,34637
2025-08-26T00:00:00+00:00,24359.310000000027,24359.310000000027,24143.820000000025,24273.320000000025,40217.716842366965
2025-08-26T12:00:00+00:00,24273.320000000025,24377.830000000027,24267.330000000027,24324.220000000027,33684
2025-08-27T00:00:00+00:00,24324.220000000027,24364.290000000026,24122.300000000025,24218.300000000025,27662.260489709515
2025-08-27T12:00:00+00:00,24218.300000000025,24250.300000000025,24086.790000000026,24168.200000000026,21909.460116677627
2025-08-28T00:00:00+00:00,24168.200000000026,24315.240000000027,24080.730000000025,24149.740000000027,29947.16556801431
2025-08-28T12:00:00+00:00,24149.740000000027,24214.740000000027,24129.720000000027,24158.640000000025,36149
2025-08-29T00:00:00+00:00,24158.640000000025,24173.010000000028,23986.500000000025,24106.510000000028,35862.70376401664
2025-08-29T12:00:00+00:00,24106.510000000028,24176.490000000027,24001.000000000025,24044.910000000025,43355
2025-09-01T00:00:00+00:00,24044.910000000025,24162.980000000025,24037.380000000026,24109.990000000027,25069.250974506864
2025-09-01T12:00:00+00:00,24109.990000000027,24159.400000000027,24087.000000000025,24157.80000000003,12089.717665941345
2025-09-02T00:00:00+00:00,24157.80000000003,24211.040000000026,23769.030000000028,23784.55000000003,52104.53964484437
2025-09-02T12:00:00+00:00,23784.55000000003,23794.540000000026,23587.530000000028,23726.950000000026,75580
2025-09-03T00:00:00+00:00,23726.950000000026,23822.830000000027,23616.810000000027,23770.32000000003,31889.949793606513
2025-09-03T12:00:00+00:00,23770.32000000003,23775.810000000027,23651.830000000027,23716.21000000003,42158
2025-09-04T00:00:00+00:00,23716.21000000003,23913.490000000027,23675.48000000003,23876.48000000003,39396.64971098266
2025-09-04T12:00:00+00:00,23876.48000000003,23946.490000000027,23819.98000000003,23931.900000000027,31506
2025-09-05T00:00:00+00:00,23931.900000000027,24003.110000000026,23862.610000000026,23919.620000000028,34496.234501204046
2025-09-05T12:00:00+00:00,23919.620000000028,23941.100000000028,23654.600000000028,23762.000000000025,90719
2025-09-08T00:00:00+00:00,23762.000000000025,23908.55000000003,23762.000000000025,23799.540000000026,36908.96016242425
2025-09-08T12:00:00+00:00,23799.540000000026,23942.55000000003,23762.55000000003,23903.950000000026,45557
2025-09-09T00:00:00+00:00,23903.950000000026,23970.690000000028,23756.190000000028,23792.690000000028,29857.578467510844
2025-09-09T12:00:00+00:00,23792.690000000028,23900.170000000027,23741.190000000028,23892.680000000026,33925
2025-09-10T00:00:00+00:00,23892.680000000026,23992.490000000027,23791.010000000028,23841.000000000025,34175.0461807199
2025-09-10T12:00:00+00:00,23841.000000000025,23905.400000000027,23691.490000000027,23713.91000000003,34728
2025-09-11T00:00:00+00:00,23713.91000000003,23808.310000000027,23661.810000000027,23784.80000000003,34696.22734224585
2025-09-11T12:00:00+00:00,23784.80000000003,23896.32000000003,23742.80000000003,23860.720000000027,49311
2025-09-12T00:00:00+00:00,23860.720000000027,23901.55000000003,23705.540000000026,23785.060000000027,43729.227305214285
2025-09-12T12:00:00+00:00,23785.060000000027,23834.560000000027,23753.450000000026,23812.940000000028,32439
2025-09-15T00:00:00+00:00,23812.940000000028,23970.360000000026,23759.250000000025,23958.850000000028,37140.119498076456
2025-09-15T12:00:00+00:00,23958.850000000028,23965.860000000026,23777.850000000028,23857.240000000027,40186
2025-09-16T00:00:00+00:00,23857.240000000027,23902.590000000026,23705.600000000028,23715.110000000026,39607.16751962212
2025-09-16T12:00:00+00:00,23715.110000000026,23729.590000000026,23428.610000000026,23507.010000000028,48140
2025-09-17T00:00:00+00:00,23507.010000000028,23585.440000000028,23391.930000000026,23440.440000000028,41194.35954899543
2025-09-17T12:00:00+00:00,23440.440000000028,23562.440000000028,23414.440000000028,23496.830000000027,74111
2025-09-18T00:00:00+00:00,23496.830000000027,23801.690000000028,23496.830000000027,23746.670000000027,51875.13075420196
2025-09-18T12:00:00+00:00,23746.670000000027,23833.170000000027,23678.170000000027,23799.580000000027,52630.78856749312
2025-09-19T00:00:00+00:00,23799.580000000027,23894.180000000026,23700.690000000028,23733.670000000027,44340.94023509923
2025-09-19T12:00:00+00:00,23733.670000000027,23813.170000000027,23721.170000000027,23759.080000000027,46582
2025-09-22T00:00:00+00:00,23759.080000000027,23804.190000000028,23533.680000000026,23600.680000000026,40207.08668641268
2025-09-22T12:00:00+00:00,23600.680000000026,23714.690000000028,23569.180000000026,23700.57000000003,34159
2025-09-23T00:00:00+00:00,23700.57000000003,23854.190000000028,23683.580000000027,23746.190000000028,35947.10642774598
2025-09-23T12:00:00+00:00,23746.190000000028,23818.180000000026,23630.180000000026,23677.07000000003,41893
2025-09-24T00:00:00+00:00,23677.07000000003,23765.66000000003,23632.14000000003,23744.650000000027,36093.20800719016
2025-09-24T12:00:00+00:00,23744.650000000027,23874.14000000003,23743.14000000003,23829.540000000026,50370
2025-09-25T00:00:00+00:00,23829.540000000026,23865.630000000026,23509.620000000028,23554.120000000028,48076.34390475633
2025-09-25T12:00:00+00:00,23554.120000000028,23713.14000000003,23523.64000000003,23706.520000000026,64057
2025-09-26T00:00:00+00:00,23706.520000000026,23827.440000000028,23662.440000000028,23818.940000000028,35811.60865557182
2025-09-26T12:00:00+00:00,23818.940000000028,23895.430000000026,23791.450000000026,23883.350000000028,48961
2025-09-29T00:00:00+00:00,23883.350000000028,24017.46000000003,23866.940000000028,23886.450000000026,38817.4740600531
2025-09-29T12:00:00+00:00,23886.450000000026,23927.950000000026,23802.450000000026,23904.860000000026,38521
2025-09-30T00:00:00+00:00,23904.860000000026,23924.200000000026,23811.200000000026,23911.71000000003,36944.560223359455
2025-09-30T12:00:00+00:00,23911.71000000003,24094.21000000003,23903.21000000003,24075.610000000026,43599
2025-10-01T00:00:00+00:00,24075.610000000026,24154.860000000026,23879.340000000026,24140.340000000026,43596.00630400956
2025-10-01T12:00:00+00:00,24140.340000000026,24405.360000000026,24077.340000000026,24372.250000000025,45266
2025-10-02T00:00:00+00:00,24372.250000000025,24600.170000000027,24361.560000000027,24581.170000000027,44402.619116081914
2025-10-02T12:00:00+00:00,24581.170000000027,24638.16000000003,24521.16000000003,24599.060000000027,42671
2025-10-03T00:00:00+00:00,24599.060000000027,24676.130000000026,24500.610000000026,24507.130000000026,30558.629283297916
2025-10-03T12:00:00+00:00,24507.130000000026,24541.120000000028,24471.120000000028,24524.530000000028,39565
2025-10-06T00:00:00+00:00,24524.530000000028,24594.210000000025,24398.220000000027,24585.210000000025,43384.09427675638
2025-10-06T12:00:00+00:00,24585.210000000025,24619.730000000025,24500.730000000025,24575.610000000026,32495
2025-10-07T00:00:00+00:00,24575.610000000026,24591.620000000024,24441.130000000026,24567.120000000028,25878.56360131631
2025-10-07T12:00:00+00:00,24567.120000000028,24591.64000000003,24479.14000000003,24511.020000000026,28624
2025-10-08T00:00:00+00:00,24511.020000000026,24706.41000000003,24499.41000000003,24668.91000000003,29761.14237841353
2025-10-08T12:00:00+00:00,24668.91000000003,24769.400000000027,24662.89000000003,24757.410000000025,22676
2025-10-09T00:00:00+00:00,24757.410000000025,24904.910000000025,24683.410000000025,24878.920000000027,30058.387861098316
2025-10-09T12:00:00+00:00,24878.920000000027,24888.410000000025,24703.410000000025,24750.830000000027,27812
2025-10-10T00:00:00+00:00,24750.830000000027,24824.180000000026,24660.170000000027,24751.670000000027,29684.92169189827
2025-10-10T12:00:00+00:00,24751.670000000027,24759.160000000025,24296.660000000025,24305.060000000027,94089
2025-10-13T00:00:00+00:00,24305.060000000027,24585.480000000025,24305.060000000027,24447.480000000025,44612.59442666164
2025-10-13T12:00:00+00:00,24447.480000000025,24566.000000000025,24388.500000000025,24560.890000000025,46871
2025-10-14T00:00:00+00:00,24560.890000000025,24614.290000000026,24113.280000000024,24254.780000000024,69527
2025-10-14T12:00:00+00:00,24254.780000000024,24471.780000000024,24171.270000000026,24416.180000000026,57352
2025-10-15T00:00:00+00:00,24416.180000000026,24497.170000000027,24331.670000000027,24369.670000000027,37273.105912020175
2025-10-15T12:00:00+00:00,24369.670000000027,24416.690000000024,24137.670000000027,24278.570000000025,46235
2025-10-16T00:00:00+00:00,24278.570000000025,24362.610000000026,24175.100000000024,24309.100000000024,44011.558134027946
2025-10-16T12:00:00+00:00,24309.100000000024,24418.110000000026,24147.600000000024,24205.010000000024,75457
2025-10-17T00:00:00+00:00,24205.010000000024,24205.010000000024,23805.020000000026,23998.520000000026,85068
2025-10-17T12:00:00+00:00,23998.520000000026,24117.530000000024,23952.020000000026,24104.920000000027,67362
2025-10-20T00:00:00+00:00,24104.920000000027,24285.450000000026,24041.860000000026,24259.960000000025,37276.53822152886
2025-10-20T12:00:00+00:00,24259.960000000025,24472.460000000025,24239.440000000024,24462.840000000026,31219
2025-10-21T00:00:00+00:00,24462.840000000026,24505.320000000025,24331.300000000025,24455.310000000027,25271.745428301252
2025-10-21T12:00:00+00:00,24455.310000000027,24518.310000000027,24361.300000000025,24458.210000000025,26926
2025-10-22T00:00:00+00:00,24458.210000000025,24493.890000000025,24359.400000000027,24424.890000000025,31700.57194041985
2025-10-22T12:00:00+00:00,24424.890000000025,24446.390000000025,24073.790000000026,24281.780000000024,57994
2025-10-23T00:00:00+00:00,24281.780000000024,24342.740000000027,24162.240000000027,24219.240000000027,37919.270732777535
2025-10-23T12:00:00+00:00,24219.240000000027,24359.240000000027,24201.230000000025,24332.650000000027,31314.881089494163
2025-10-24T00:00:00+00:00,24332.650000000027,24430.880000000026,24265.380000000026,24302.400000000027,30293.849695104327
2025-10-24T12:00:00+00:00,24302.400000000027,24394.900000000027,24279.390000000025,24333.280000000024,30899.942425123583
2025-10-27T00:00:00+00:00,24333.280000000024,24523.34000000003,24326.84000000003,24346.82000000003,26641.921022565602
2025-10-27T12:00:00+00:00,24346.82000000003,24460.34000000003,24313.34000000003,24445.72000000003,24779.061972593965
2025-10-28T00:00:00+00:00,24445.72000000003,24446.22000000003,24203.190000000002,24314.710000000003,24808.283379850243
2025-10-28T12:00:00+00:00,24314.710000000003,24368.2,24256.690000000002,24276.690000000002,25241
2025-10-29T00:00:00+00:00,24276.690000000002,24339.78,24178.27,24291.26,33576.89880272787
2025-10-29T12:00:00+00:00,24291.26,24328.28,24020.76,24154.28,55217
2025-10-30T00:00:00+00:00,24154.28,24274.97,24066.96,24085.97,55388.93855551563
2025-10-30T12:00:00+00:00,24085.97,24176.47,24042.95,24146.86,70033
2025-10-31T00:00:00+00:00,24146.86,24160.21,23988.7,24071.2,38153.92982063812
2025-10-31T12:00:00+00:00,24071.2,24074.72,23918.22,23989.71,55011
2025-11-03T00:00:00+00:00,23989.71,24267.51,23976.01,24233.53,34277
2025-11-03T12:00:00+00:00,24233.53,24258.53,24117.03,24141.42,46215
2025-11-04T00:00:00+00:00,24141.42,24141.42,23682.86,23817.38,47391.568347875815
2025-11-04T12:00:00+00:00,23817.38,23990.37,23777.86,23899.28,46397
2025-11-05T00:00:00+00:00,23899.28,23899.28,23590.98,23841.58,47790
2025-11-05T12:00:00+00:00,23841.58,24134.59,23837.59,24105.5,38425.93619361936
2025-11-06T00:00:00+00:00,24105.5,24114.64,23941.13,24027.62,37513
2025-11-06T12:00:00+00:00,24027.62,24041.14,23694.12,23753.54,58891
2025-11-07T00:00:00+00:00,23753.54,23847.16,23478.65,23582.67,38004
2025-11-07T12:00:00+00:00,23582.67,23778.17,23458.15,23773.07,61753
2025-11-10T00:00:00+00:00,23773.07,24039.010000000006,23773.07,24035.020000000004,30075.827813704385
2025-11-10T12:00:00+00:00,24035.020000000004,24094.010000000006,23955.010000000006,24085.410000000003,38146
2025-11-11T00:00:00+00:00,24085.410000000003,24111.940000000006,23963.63,23969.13,31816.235124390903
2025-11-11T12:00:00+00:00,23969.13,24205.15,23958.63,24188.030000000002,37448
2025-11-12T00:00:00+00:00,24188.030000000002,24412.46000000001,24188.030000000002,24355.46000000001,29656.806959642767
2025-11-12T12:00:00+00:00,24355.46000000001,24463.96000000001,24348.45000000001,24442.37000000001,43090
2025-11-13T00:00:00+00:00,24442.37000000001,24521.14000000001,24212.14000000001,24250.14000000001,39143.970875054685
2025-11-13T12:00:00+00:00,24250.14000000001,24281.650000000012,23949.64000000001,24091.060000000012,72023
2025-11-14T00:00:00+00:00,24091.060000000012,24138.59000000001,23658.100000000013,23682.100000000013,52599.80618321666
2025-11-14T12:00:00+00:00,23682.100000000013,23918.61000000001,23619.09000000001,23855.00000000001,81979
2025-11-17T00:00:00+00:00,23855.00000000001,23947.23000000001,23739.240000000013,23762.75000000001,35361.3508305551
2025-11-17T12:00:00+00:00,23762.75000000001,23764.23000000001,23366.650000000012,23460.64000000001,67265
2025-11-18T00:00:00+00:00,23460.64000000001,23463.030000000013,23157.02000000001,23310.02000000001,52584.63555734731
2025-11-18T12:00:00+00:00,23310.02000000001,23313.030000000013,23093.510000000013,23207.91000000001,97855
2025-11-19T00:00:00+00:00,23207.91000000001,23285.98000000001,23089.87000000001,23250.98000000001,37489.608226909106
2025-11-19T12:00:00+00:00,23250.98000000001,23393.48000000001,23166.46000000001,23264.87000000001,66295
2025-11-20T00:00:00+00:00,23264.87000000001,23470.050000000007,23264.87000000001,23360.050000000007,35482.69608275905
2025-11-20T12:00:00+00:00,23360.050000000007,23525.550000000007,22930.050000000007,22942.940000000006,110088
2025-11-21T00:00:00+00:00,22942.940000000006,23198.640000000007,22940.040000000008,23109.140000000007,59773.18707365189
2025-11-21T12:00:00+00:00,23109.140000000007,23315.140000000007,23043.120000000006,23235.530000000006,120937
2025-11-24T00:00:00+00:00,23235.530000000006,23410.660000000007,23161.65000000001,23233.640000000007,48447.421409604045
2025-11-24T12:00:00+00:00,23233.640000000007,23334.640000000007,23187.660000000007,23244.06000000001,59751
2025-11-25T00:00:00+00:00,23244.06000000001,23311.680000000008,23148.680000000008,23267.190000000006,35097.32178752206
2025-11-25T12:00:00+00:00,23267.190000000006,23596.700000000008,23261.690000000006,23584.100000000006,71817
2025-11-26T00:00:00+00:00,23584.100000000006,23680.670000000006,23458.160000000007,23563.160000000007,30987.317430220774
2025-11-26T12:00:00+00:00,23563.160000000007,23783.160000000007,23465.660000000007,23761.06000000001,43060
2025-11-27T00:00:00+00:00,23761.06000000001,23834.72,23697.72,23777.22,23665.502516304558
2025-11-27T12:00:00+00:00,23777.22,23842.210000000003,23733.210000000003,23784.61,18076.025105260396
2025-11-28T00:00:00+00:00,23784.61,23825.33,23725.32,23790.33,19255.82261880008
2025-11-28T12:00:00+00:00,23790.33,23898.31,23788.81,23853.23,22812.01192280684
2025-12-01T00:00:00+00:00,23853.23,23853.23,23489.56,23499.06,40454.16588364512
2025-12-01T12:00:00+00:00,23499.06,23681.57,23441.57,23575.45,49651
2025-12-02T00:00:00+00:00,23575.45,23788.22,23562.61,23774.2,29419.873695807077
2025-12-02T12:00:00+00:00,23774.2,23799.710000000003,23661.7,23729.61,50156
2025-12-03T00:00:00+00:00,23729.61,23845.36,23715.74,23755.350000000002,27932.04177686923
2025-12-03T12:00:00+00:00,23755.350000000002,23793.850000000002,23643.84,23775.760000000002,44287
2025-12-04T00:00:00+00:00,23775.760000000002,23917.01,23757.05,23879.01,29803.596092582462
2025-12-04T12:00:00+00:00,23879.01,23934.53,23830.01,23891.91,40433
2025-12-05T00:00:00+00:00,23891.91,24057.65,23876.55,24035.14,23994.420377753162
2025-12-05T12:00:00+00:00,24035.14,24134.64,24019.13,24033.55,38248
2025-12-08T00:00:00+00:00,24033.55,24101.87,23993.88,24075.37,24708.411893875527
2025-12-08T12:00:00+00:00,24075.37,24123.88,24001.88,24023.27,34078
2025-12-09T00:00:00+00:00,24023.27,24191.17,24023.27,24117.15,30347.51012480462
2025-12-09T12:00:00+00:00,24117.15,24178.67,24093.66,24125.05,32135
2025-12-10T00:00:00+00:00,24125.05,24172.4,24001.38,24058.38,33404.73709198787
2025-12-10T12:00:00+00:00,24058.38,24231.04,24026.39,24198.78,50128
2025-12-11T00:00:00+00:00,24198.78,24198.78,23971.86,24142.7,42370
2025-12-11T12:00:00+00:00,24142.7,24385.35,24128.2,24369.61,48658
2025-12-12T00:00:00+00:00,24369.61,24472.829999999998,24325.329999999998,24337.319999999996,31050.335635259406
2025-12-12T12:00:00+00:00,24337.319999999996,24401.329999999998,24153.329999999998,24232.219999999998,58982
2025-12-15T00:00:00+00:00,24232.219999999998,24340.37,24232.219999999998,24311.36,33518.70298679195
2025-12-15T12:00:00+00:00,24311.36,24314.87,24158.51,24200.77,66307
2025-12-16T00:00:00+00:00,24200.77,24204.79,24061.04,24133.14,34833.49799436594
2025-12-16T12:00:00+00:00,24133.14,24171.14,24005.31,24128.55,75194
2025-12-17T00:00:00+00:00,24128.55,24194.49,24055.47,24080.49,34287.80694062673
2025-12-17T12:00:00+00:00,24080.49,24113.98,23885.62,23895.39,72079
2025-12-18T00:00:00+00:00,23895.39,24039.29,23855.67,24003.19,34447.50979863192
2025-12-18T12:00:00+00:00,24003.19,24223.27,24003.19,24150.19,55176
2025-12-19T00:00:00+00:00,24150.19,24263.36,24093.99,24201.34,38518.93931596392
2025-12-19T12:00:00+00:00,24201.34,24341.51,24155.84,24277.76,44381
2025-12-22T00:00:00+00:00,24277.76,24372.36,24264,24299.85,27781.543343450383
2025-12-22T12:00:00+00:00,24299.85,24327.86,24214.84,24312.24,33991
2025-12-23T00:00:00+00:00,24312.24,24369.85,24305.84,24337.84,23014.674688789793
2025-12-23T12:00:00+00:00,24337.84,24386.86,24274.84,24347.74,29883
2025-12-29T00:00:00+00:00,24347.74,24485.129999999997,24303.98,24392.98,29340.390522299072
2025-12-29T12:00:00+00:00,24392.98,24448.989999999998,24358.98,24421.89,37177
2025-12-30T00:00:00+00:00,24421.89,24536.86,24365.75,24526.36,21071.105233782633
2025-12-30T12:00:00+00:00,24526.36,24693.86,24521.85,24623.24,28023
2026-01-02T00:00:00+00:00,24623.24,24732.97000000001,24515.47000000001,24614.99000000001,42566.613843715284
2026-01-02T12:00:00+00:00,24614.99000000001,24663.49000000001,24495.48000000001,24606.89000000001,68266
2026-01-05T00:00:00+00:00,24606.89000000001,24875.20000000001,24606.89000000001,24728.20000000001,42979.26211253227
2026-01-05T12:00:00+00:00,24728.20000000001,24932.20000000001,24705.19000000001,24914.08000000001,40010
2026-01-06T00:00:00+00:00,24907.28,24979.05,24873.88,24956.39,28904.56238732831
2026-01-06T12:00:00+00:00,24956.39,25023.54,24902.38,25003.79,33407
2026-01-07T00:00:00+00:00,25003.79,25130.8,24979.449999999997,25090.8,34823.3167572596
2026-01-07T12:00:00+00:00,25090.8,25190.949999999997,25053.3,25142.199999999997,37156
2026-01-08T00:00:00+00:00,25142.199999999997,25255.66,25038.81,25138.67,36233.01556876035
2026-01-08T12:00:00+00:00,25138.67,25216.31,25054.66,25213.08,39934
2026-01-09T00:00:00+00:00,25213.08,25260.94,25139.94,25258.93,27121.538357863315
2026-01-09T12:00:00+00:00,25258.93,25314.59,25171.43,25311.82,42446
2026-01-12T00:00:00+00:00,25311.82,25392.52,25236.67,25388.52,27784.242632845082
2026-01-12T12:00:00+00:00,25388.52,25492.67,25375.53,25489.91,23054.744925946245
2026-01-13T00:00:00+00:00,25489.91,25507.98,25375.82,25424.84,24144.19190855245
2026-01-13T12:00:00+00:00,25424.84,25550.33,25395.49,25433.74,33678
2026-01-14T00:00:00+00:00,25433.74,25502.18,25338.66,25352.16,24994.414492323776
2026-01-14T12:00:00+00:00,25352.16,25405.16,25259.31,25363.08,41600
2026-01-15T00:00:00+00:00,25363.08,25427.18,25270.53,25298.03,25977.397720513756
2026-01-15T12:00:00+00:00,25298.03,25418.52,25272.66,25290.43,23352
2026-01-16T00:00:00+00:00,25290.43,25387.17,25290.43,25329.17,21191.042717281256
2026-01-16T12:00:00+00:00,25329.17,25376.8,25234.67,25358.07,27990
2026-01-19T00:00:00+00:00,25358.07,25358.07,24933.95,24967.94,53491.61225076105
2026-01-19T12:00:00+00:00,24967.94,25074.43,24958.93,24973.83,24246.382582262657
2026-01-20T00:00:00+00:00,24973.83,24973.83,24530.38,24563.88,46937.75859734117
2026-01-20T12:00:00+00:00,24563.88,24745.87,24555.87,24612.78,71306
2026-01-21T00:00:00+00:00,24612.78,24743.25,24466.58,24468.08,42411.955787154286
2026-01-21T12:00:00+00:00,24468.08,24930.75,24376.58,24874.48,115521
2026-01-22T00:00:00+00:00,24874.48,24972.02,24805.02,24871.37,44492.752317388266
2026-01-22T12:00:00+00:00,24871.37,24961.87,24799.35,24857.25,46126
2026-01-23T00:00:00+00:00,24857.25,24935.79,24820.28,24907.8,38427.88911320413
2026-01-23T12:00:00+00:00,24907.8,24959.28,24826.3,24913.68,47398
2026-01-26T00:00:00+00:00,24913.68,24941.15,24760.56,24879.17,42669
2026-01-26T12:00:00+00:00,24879.17,25018.67,24874.66,24958.05,35925
2026-01-27T00:00:00+00:00,24958.05,25050.57,24890.42,24963.42,34606.54914292904
2026-01-27T12:00:00+00:00,24963.42,24988.42,24875.41,24879.32,40998
2026-01-28T00:00:00+00:00,24879.32,24975.5,24817.36,24867.87,40161.323182488486
2026-01-28T12:00:00+00:00,24867.87,24901.51,24733.35,24885.25,66690
2026-01-29T00:00:00+00:00,24885.25,24943.55,24523.9,24640.38,56487.34973562481
2026-01-29T12:00:00+00:00,24640.38,24658.39,24283.38,24495.3,80881
2026-01-30T00:00:00+00:00,24495.3,24585.65,24337.55,24573.13,40048.135131407886
2026-01-30T12:00:00+00:00,24573.13,24616.13,24454.28,24519.04,78563
2026-02-02T00:00:00+00:00,24519.04,24735.52,24238.17,24726,49165.4919595976
2026-02-02T12:00:00+00:00,24726,24891.17,24721,24878.91,66693
2026-02-03T00:00:00+00:00,24878.91,25135.66,24850.16,24914.16,46504.24438532626
2026-02-03T12:00:00+00:00,24914.16,24950.15,24652.29,24782.54,103510
2026-02-04T00:00:00+00:00,24782.54,24905.52,24646.51,24804.02,50061.11280392629
2026-02-04T12:00:00+00:00,24804.02,24827.51,24546.66,24645.42,118626
2026-02-05T00:00:00+00:00,24645.42,24745.37,24459.22,24604.72,68845.14563626629
2026-02-05T12:00:00+00:00,24604.72,24627.23,24300.72,24477.62,190520
2026-02-06T00:00:00+00:00,24477.62,24673.8,24355.18,24663.3,72094.03261079386
2026-02-06T12:00:00+00:00,24663.3,24804.44,24599.29,24796.18,107220
2026-02-09T00:00:00+00:00,24796.18,24967.24,24733.24,24827.24,45126.265189421014
2026-02-09T12:00:00+00:00,24827.24,25063.4,24812.74,25046.64,47241
2026-02-10T00:00:00+00:00,25046.64,25104.94,24960.94,25047.93,37125.12578046199
2026-02-10T12:00:00+00:00,25047.93,25062.58,24957.44,25010.83,60090
2026-02-11T00:00:00+00:00,25010.83,25070.5,24868.33,24943.33,39966.40967484448
2026-02-11T12:00:00+00:00,24943.33,25023.35,24853.34,24936.73,87194
2026-02-12T00:00:00+00:00,24936.73,25242.45,24932.35,25218.46,45425.063733088085
2026-02-12T12:00:00+00:00,25218.46,25259.46,24830.95,24915.35,99499
2026-02-13T00:00:00+00:00,24915.35,24977.41,24757.26,24864.27,60291.91318214033
2026-02-13T12:00:00+00:00,24864.27,24991.43,24812.76,24912.67,121798
2026-02-16T00:00:00+00:00,24912.67,25028.67,24905.57,24948.16,29873.305209934922
2026-02-16T12:00:00+00:00,24948.16,24968.67,24797.17,24838.06,29748.319150489933
2026-02-17T00:00:00+00:00,24838.06,24890.21,24685.11,24869.2,36190.573696129344
2026-02-17T12:00:00+00:00,24869.2,25060.84,24740.19,25046.09,77279
2026-02-18T00:00:00+00:00,25046.09,25275.71,25008.85,25215.7,28192.1115092358
2026-02-18T12:00:00+00:00,25215.7,25328.2,25104.71,25235.61,45560
2026-02-19T00:00:00+00:00,25235.61,25276.25,25026.6,25065.11,31948.1825009099
2026-02-19T12:00:00+00:00,25065.11,25087.61,24975.74,25030.99,55356
2026-02-20T00:00:00+00:00,25030.99,25144.85,25002.84,25101.85,31765.74453336125
2026-02-20T12:00:00+00:00,25101.85,25341.34,25066.85,25242.23,80745
2026-02-23T00:00:00+00:00,25242.23,25242.23,25018.47,25152.08,34305.29931994359
2026-02-23T12:00:00+00:00,25152.08,25183.08,24938.71,24987.47,61680
2026-02-24T00:00:00+00:00,24987.47,25057.95,24884.29,25001.29,54278.436519315976
2026-02-24T12:00:00+00:00,25001.29,25099.3,24899.28,25046.29,80822.4686974285
2026-02-25T00:00:00+00:00,25046.29,25113.15,24996.63,25100.14,49023.263953903384
2026-02-25T12:00:00+00:00,25100.14,25224.800000000003,25082.64,25218.050000000003,57102
2026-02-26T00:00:00+00:00,25218.050000000003,25301.25,25095.74,25293.25,57369.401993974425
2026-02-26T12:00:00+00:00,25293.25,25360.960000000003,25163.239999999998,25348.73,114869.70217391304
2026-02-27T00:00:00+00:00,25348.73,25419.79,25246.280000000002,25327.800000000003,68945.81828249789
2026-02-27T12:00:00+00:00,25327.800000000003,25368.800000000003,25164.93,25197.68,157064
2026-03-02T00:00:00+00:00,25197.68,25197.68,24662.390000000003,24805.870000000003,154176.57007495782
2026-03-02T12:00:00+00:00,24805.870000000003,24817.370000000003,24587.370000000003,24626.77,165757
2026-03-03T00:00:00+00:00,24626.77,24656.92,23594.01,23738.51,193863
2026-03-03T12:00:00+00:00,23738.51,24118.17,23596.02,24027.42,171808
2026-03-04T00:00:00+00:00,24027.42,24219.09,23705.01,24136.09,171587.20473998983
2026-03-04T12:00:00+00:00,24136.09,24294.26,24013.59,24262.5,144836
2026-03-05T00:00:00+00:00,24262.5,24365.52,23998.91,24231.03,136111
2026-03-05T12:00:00+00:00,24231.03,24262.53,23669.66,23843.93,191760
2026-03-06T00:00:00+00:00,23843.93,24025.14,23535.63,23556.14,148748.9911705348
2026-03-06T12:00:00+00:00,23556.14,23693.29,23332.63,23640.29,211430
2026-03-09T00:00:00+00:00,23640.29,23640.29,22678.53,23186.11,187369.85711949613
2026-03-09T12:00:00+00:00,23186.11,23920.51,23097.11,23776.03,196193
2026-03-10T00:00:00+00:00,23776.03,24045,23491.89,23885.01,139166.62165835977
2026-03-10T12:00:00+00:00,23885.01,24085.16,23722.89,23789.91,171713
2026-03-11T00:00:00+00:00,23789.91,23970.6,23501.460000000003,23601.45,104094.22558623902
2026-03-11T12:00:00+00:00,23601.45,23786.850000000002,23489.440000000002,23586.850000000002,126154
2026-03-12T00:00:00+00:00,23586.850000000002,23661.4,23205.31,23575.390000000003,104524
2026-03-12T12:00:00+00:00,23575.390000000003,23594.56,23322.41,23470.29,164768
2026-03-13T00:00:00+00:00,23470.29,23628.34,23243.190000000002,23563.68,99738
2026-03-13T12:00:00+00:00,23563.68,23723.18,23295.320000000003,23298.33,152654
2026-03-16T00:00:00+00:00,23298.33,23527.7,23292.56,23500.050000000003,97854.01518585676
2026-03-16T12:00:00+00:00,23500.050000000003,23663.54,23496.54,23576.440000000002,105605
2026-03-17T00:00:00+00:00,23576.440000000002,23615.780000000002,23370.420000000002,23557.280000000002,84718
2026-03-17T12:00:00+00:00,23557.280000000002,23787.800000000003,23556.280000000002,23668.190000000002,103584.53167185877
2026-03-18T00:00:00+00:00,23668.190000000002,23917.560000000005,23662.68,23804.560000000005,74822.21111571962
2026-03-18T12:00:00+00:00,23804.560000000005,23813.040000000005,23076.710000000003,23104.950000000004,169960
2026-03-19T00:00:00+00:00,23104.950000000004,23228.260000000006,22832.750000000004,22922.760000000006,134590.27999940747
2026-03-19T12:00:00+00:00,22922.760000000006,23102.760000000006,22701.740000000005,22958.260000000006,167495
2026-03-20T00:00:00+00:00,22958.260000000006,23141.360000000004,22657.370000000003,22869.380000000005,127112.30799266804
2026-03-20T12:00:00+00:00,22869.380000000005,22896.360000000004,22050.510000000006,22172.010000000006,191639
2026-03-23T00:00:00+00:00,22172.010000000006,23241.76,21829.360000000004,22647.74,208763.01178696708
2026-03-23T12:00:00+00:00,22647.74,23095.85,22570.76,22787.25,211669
2026-03-24T00:00:00+00:00,22787.25,22787.25,22362.74,22620.36,162094.7714752294
2026-03-24T12:00:00+00:00,22620.36,22924.74,22337.34,22849.24,218050
2026-03-25T00:00:00+00:00,22849.24,23073.36,22806.51,23034.86,124828
2026-03-25T12:00:00+00:00,23034.86,23084.86,22813.35,22919.76,155964
2026-03-26T00:00:00+00:00,22919.76,22919.76,22569.86,22579.34,120627
2026-03-26T12:00:00+00:00,22579.34,22888.75,22509.5,22625.74,135084
2026-03-27T00:00:00+00:00,22625.74,22790.51,22219.84,22321.36,129861
2026-03-27T12:00:00+00:00,22321.36,22423.84,22115.49,22115.99,137607
2026-03-30T00:00:00+00:00,22115.99,22564.86,21951.74,22385.86,130385.88799625466
2026-03-30T12:00:00+00:00,22385.86,22655.38,22351.84,22480.78,144688.4169073376
2026-03-31T00:00:00+00:00,22480.78,22897.87,22352.260000000002,22790.88,180456
2026-03-31T12:00:00+00:00,22790.88,23100.53,22629.36,23053.760000000002,189053
2026-04-01T00:00:00+00:00,23053.760000000002,23394.36,23052.260000000002,23352.86,131413
2026-04-01T12:00:00+00:00,23352.86,23454.37,23190.86,23357.760000000002,138980
2026-04-02T00:00:00+00:00,23357.760000000002,23400.27,22765.86,22766.38,102800
2026-04-02T12:00:00+00:00,22766.38,23301.27,22718.36,23258.28,79833.70476137563
2026-04-07T00:00:00+00:00,23258.28,23501.38,23163.03,23189.87,137455.96941443306
2026-04-07T12:00:00+00:00,23189.87,23467.53,22930.36,23311.78,114395
2026-04-08T00:00:00+00:00,23311.78,24341.11,23311.78,24211.95,132853
2026-04-08T12:00:00+00:00,24211.95,24270.45,24018.59,24138.36,96834
2026-04-09T00:00:00+00:00,24138.36,24138.36,23841.9,23925.91,92004.15747221079
2026-04-09T12:00:00+00:00,23925.91,24038.05,23766.89,23991.81,101315
2026-04-10T00:00:00+00:00,23991.81,24124.600000000002,23863.11,24058.600000000002,82053
2026-04-10T12:00:00+00:00,24058.600000000002,24155.62,23809.250000000004,23889.000000000004,74337.99500628044
2026-04-13T00:00:00+00:00,23889.000000000004,23889.000000000004,23567.88,23590.74,60780
2026-04-13T12:00:00+00:00,23590.74,24046.38,23575.230000000003,24042.120000000003,68307
2026-04-14T00:00:00+00:00,24042.120000000003,24151.72,23959.870000000003,24105.22,70513.26072096468
2026-04-14T12:00:00+00:00,24105.22,24192.22,24083.24,24151.620000000003,61446
2026-04-15T00:00:00+00:00,24151.620000000003,24237.940000000002,24071.210000000003,24160.04,70630.82467199187
2026-04-15T12:00:00+00:00,24160.04,24213.06,24108.7,24161.550000000003,57465.575117184395
2026-04-16T00:00:00+00:00,24161.550000000003,24319.83,24141.340000000004,24316.840000000004,53337
2026-04-16T12:00:00+00:00,24316.840000000004,24344.350000000002,24135.480000000003,24186.24,69159
2026-04-17T00:00:00+00:00,24186.24,24447.760000000002,24186.24,24348.770000000004,59371.16085843528
2026-04-17T12:00:00+00:00,24348.770000000004,24886.270000000004,24335.270000000004,24730.15,144709.41354086925
2026-04-20T00:00:00+00:00,24730.15,24730.15,24366.860000000004,24468.350000000002,104793.05151175812
2026-04-20T12:00:00+00:00,24468.350000000002,24580.850000000002,24417.850000000002,24551.760000000002,107575
2026-04-21T00:00:00+00:00,24551.760000000002,24689.890000000003,24546.280000000002,24593.88,72358.28118460573
2026-04-21T12:00:00+00:00,24593.88,24602.390000000003,24100.280000000002,24149.780000000002,142166
2026-04-22T00:00:00+00:00,24149.780000000002,24470.850000000002,24149.780000000002,24357.340000000004,103640.18631673005
2026-04-22T12:00:00+00:00,24357.340000000004,24393.360000000004,24204.49,24286.750000000004,107256.9632063075
2026-04-23T00:00:00+00:00,24286.750000000004,24286.750000000004,23938.22,24202.840000000004,135778
2026-04-23T12:00:00+00:00,24202.840000000004,24327.840000000004,23905.230000000003,24158.72,153785
2026-04-24T00:00:00+00:00,24158.72,24396.260000000002,24053.260000000002,24273.270000000004,120953.4398931432
2026-04-24T12:00:00+00:00,24273.270000000004,24364.27,24145.270000000004,24331.68,108701.29585820156
2026-04-27T00:00:00+00:00,24331.68,24446.34,24198.23,24396.850000000002,94547.54327021928
2026-04-27T12:00:00+00:00,24396.850000000002,24403.850000000002,24109.83,24155.23,104195
2026-04-28T00:00:00+00:00,24155.23,24231.11,24012.960000000003,24031.460000000003,122626
2026-04-28T12:00:00+00:00,24031.460000000003,24138.48,23956.98,24057.36,140539
2026-04-29T00:00:00+00:00,24057.36,24182.32,23969.690000000002,24064.190000000002,117677
2026-04-29T12:00:00+00:00,24064.190000000002,24100.170000000002,23837.83,23886.59,117171.41738521907
2026-04-30T00:00:00+00:00,23886.59,24194.190000000002,23663.33,24178.7,176971
2026-04-30T12:00:00+00:00,24178.7,24382.340000000004,24131.690000000002,24335.090000000004,136813.4697660468
2026-05-04T00:00:00+00:00,24335.090000000004,24448.210000000003,24102.220000000005,24297.720000000005,131022.10967636482
2026-05-04T12:00:00+00:00,24297.720000000005,24353.710000000003,23879.610000000004,23948.610000000004,144980
2026-05-05T00:00:00+00:00,23948.610000000004,24403.33,23916.49,24362.33,143112
2026-05-05T12:00:00+00:00,24362.33,24478.350000000002,24261.840000000004,24459.750000000004,106425
2026-05-06T00:00:00+00:00,24459.750000000004,25194.160000000003,24459.750000000004,25062.680000000004,196228
2026-05-06T12:00:00+00:00,25062.680000000004,25067.660000000003,24869.160000000003,24984.08,132211.49241021843
2026-05-07T00:00:00+00:00,24984.08,25050.4,24872.9,24894.9,137215
2026-05-07T12:00:00+00:00,24894.9,24978.410000000003,24437.040000000005,24451.790000000005,166589
2026-05-08T00:00:00+00:00,24451.790000000005,24531.170000000002,24406.010000000002,24442.010000000002,130371.96593533487
2026-05-08T12:00:00+00:00,24442.010000000002,24490.020000000004,24280.010000000002,24409.920000000002,102149.96120670783
2026-05-11T00:00:00+00:00,24409.920000000002,24409.920000000002,24226.320000000003,24247.83,105043
2026-05-11T12:00:00+00:00,24247.83,24370.840000000004,24210.340000000004,24299.24,70052
2026-05-12T00:00:00+00:00,24299.24,24299.24,24020.840000000004,24103.840000000004,121289
2026-05-12T12:00:00+00:00,24103.840000000004,24175.860000000004,23937.340000000004,24073.24,97647
2026-05-13T00:00:00+00:00,24073.24,24237.030000000002,24018.430000000004,24189.510000000002,114496
2026-05-13T12:00:00+00:00,24189.510000000002,24243.680000000004,24014.510000000002,24237.910000000003,90173.73314492372
2026-05-14T00:00:00+00:00,24237.910000000003,24499.450000000004,24194.600000000002,24474.460000000003,114574
2026-05-14T12:00:00+00:00,24474.460000000003,24492.970000000005,24300.120000000003,24337.850000000002,84029
2026-05-15T00:00:00+00:00,24337.850000000002,24337.850000000002,24004.380000000005,24015.880000000005,180988
2026-05-15T12:00:00+00:00,24015.880000000005,24025.4,23861.4,23903.79,125512.10228567598
2026-05-18T00:00:00+00:00,23903.79,24248.23,23635.86,24138.71,179847
2026-05-18T12:00:00+00:00,24138.71,24440.73,24127.71,24399.11,185513
2026-05-19T00:00:00+00:00,24399.11,24699.620000000003,24198.45,24567.120000000003,174267
2026-05-19T12:00:00+00:00,24567.120000000003,24641.63,24302.780000000002,24329.510000000002,149232
2026-05-20T00:00:00+00:00,24329.510000000002,24596.280000000002,24156.700000000004,24507.800000000003,121077
2026-05-20T12:00:00+00:00,24507.800000000003,24899.800000000003,24441.780000000002,24782.200000000004,120391
2026-05-21T00:00:00+00:00,24782.200000000004,24898.63,24529.530000000002,24600.620000000003,133848
2026-05-21T12:00:00+00:00,24600.620000000003,24925.780000000002,24534.120000000003,24841.530000000002,136942
2026-05-22T00:00:00+00:00,24841.530000000002,24925.620000000003,24665.99,24806.980000000003,87354.29515899013
2026-05-22T12:00:00+00:00,24806.980000000003,24955.980000000003,24786.350000000002,24801.86,84661.59009164368
2026-05-25T00:00:00+00:00,24801.86,25302.980000000003,24801.86,25276.500000000004,50442.86342103613
2026-05-25T12:00:00+00:00,25276.500000000004,25455.000000000004,25265.49,25405.390000000003,22381.748768805926
2026-05-26T00:00:00+00:00,25405.390000000003,25405.390000000003,25179.190000000002,25267.180000000004,88103
2026-05-26T12:00:00+00:00,25267.180000000004,25297.2,25169.680000000004,25246.08,54405
2026-05-27T00:00:00+00:00,25246.08,25404.750000000004,25220.140000000003,25269.230000000003,76458
2026-05-27T12:00:00+00:00,25269.230000000003,25382.24,25109.140000000003,25216.15,84260.80866124842
2026-05-28T00:00:00+00:00,25216.15,25216.15,24916.04,25037.140000000003,99010
2026-05-28T12:00:00+00:00,25037.140000000003,25262.65,24979.640000000003,25095.56,71345
2026-05-29T00:00:00+00:00,25095.56,25205.870000000003,25030.350000000002,25095.86,75256.01106015645
2026-05-29T12:00:00+00:00,25095.86,25208.33,25026.980000000003,25052.230000000003,71453.26994392651
2026-06-01T00:00:00+00:00,25052.230000000003,25253.45,25052.230000000003,25238.97,79477
2026-06-01T12:00:00+00:00,25238.97,25305.47,24895.850000000002,25077.86,119213
2026-06-02T00:00:00+00:00,25077.86,25367.010000000002,24975.420000000002,25209.02,168639
2026-06-02T12:00:00+00:00,25209.02,25222.530000000002,25055.160000000003,25101.410000000003,143448
2026-06-03T00:00:00+00:00,25101.410000000003,25124.4,24830.74,24914.24,152011.80124679135
2026-06-03T12:00:00+00:00,24914.24,24928.260000000002,24721.160000000003,24727.680000000004,135982.41910234815
2026-06-04T00:00:00+00:00,24727.680000000004,25005.390000000003,24689.79,24953.410000000003,182377.1271381579
2026-06-04T12:00:00+00:00,24953.410000000003,25011.890000000003,24869.390000000003,24944.29,136870
2026-06-05T00:00:00+00:00,24944.29,25042.460000000003,24773.850000000002,25006.460000000003,176704.1101656052
2026-06-05T12:00:00+00:00,25006.460000000003,25019.460000000003,24514.600000000002,24583.870000000003,257095.06008240575
2026-06-08T00:00:00+00:00,24583.870000000003,24755.670000000002,24346.320000000003,24674.180000000004,302070
2026-06-08T12:00:00+00:00,24674.180000000004,24718.680000000004,24551.81,24597.070000000003,235836
2026-06-09T00:00:00+00:00,24597.070000000003,24835.690000000002,24498.070000000003,24743.680000000004,174613
2026-06-09T12:00:00+00:00,24743.680000000004,24828.190000000002,24244.820000000003,24537.58,305276
2026-06-10T00:00:00+00:00,24537.58,24554.200000000004,24050.050000000003,24236.550000000003,320776
2026-06-10T12:00:00+00:00,24236.550000000003,24375.06,24082.930000000008,24088.420000000006,408469
2026-06-11T00:00:00+00:00,24088.420000000006,24306.420000000006,23969.320000000007,24275.910000000007,221502
2026-06-11T12:00:00+00:00,24275.910000000007,24660.580000000005,24083.410000000007,24622.310000000005,440018
2026-06-12T00:00:00+00:00,24622.310000000005,24770.180000000008,24503.670000000006,24589.190000000006,260795.15989053948
2026-06-12T12:00:00+00:00,24589.190000000006,24701.83000000001,24424.170000000006,24683.58000000001,315485.1020461856
2026-06-15T00:00:00+00:00,24683.58000000001,25106.210000000006,24683.58000000001,24978.710000000006,166526.82992960705
2026-06-15T12:00:00+00:00,24978.710000000006,25028.200000000008,24848.860000000008,24873.610000000008,134857
2026-06-16T00:00:00+00:00,24873.610000000008,25120.520000000008,24845.17000000001,25018.020000000008,137536.00130751115
2026-06-16T12:00:00+00:00,25018.020000000008,25063.520000000008,24765.90000000001,24767.90000000001,239138
2026-06-17T00:00:00+00:00,24767.90000000001,24961.520000000008,24764.40000000001,24865.01000000001,179444.50417421397
2026-06-17T12:00:00+00:00,24865.01000000001,24982.520000000008,24784.910000000007,24813.90000000001,262691.33520871913
2026-06-18T00:00:00+00:00,24813.90000000001,25040.020000000008,24779.410000000007,24916.01000000001,259459.13537685937
2026-06-18T12:00:00+00:00,24916.01000000001,25052.680000000008,24900.520000000008,25047.410000000007,241446
2026-06-19T00:00:00+00:00,25047.410000000007,25148.56000000001,24857.94000000001,25011.56000000001,130137.47980865894
2026-06-19T12:00:00+00:00,25011.56000000001,25066.56000000001,24912.94000000001,24967.44000000001,82307.01966892205
2026-06-22T00:00:00+00:00,24967.44000000001,25062.050000000007,24872.050000000007,24975.56000000001,133521.3901796653
2026-06-22T12:00:00+00:00,24975.56000000001,25156.56000000001,24950.06000000001,25072.44000000001,131367
2026-06-23T00:00:00+00:00,25072.44000000001,25084.210000000006,24708.550000000007,24890.550000000007,162142
2026-06-23T12:00:00+00:00,24890.550000000007,24977.56000000001,24839.540000000008,24884.460000000006,134787
2026-06-24T00:00:00+00:00,24884.460000000006,24944.210000000006,24594.040000000008,24655.56000000001,168443.61609421
2026-06-24T12:00:00+00:00,24655.56000000001,24748.550000000007,24579.540000000008,24673.03000000001,182986.28737018426
2026-06-25T00:00:00+00:00,24673.03000000001,24909.13000000001,24657.52000000001,24889.62000000001,116036
2026-06-25T12:00:00+00:00,24889.62000000001,25070.62000000001,24822.64000000001,24944.52000000001,207656
2026-06-26T00:00:00+00:00,24944.52000000001,24951.27000000001,24652.62000000001,24659.63000000001,177628
2026-06-26T12:00:00+00:00,24659.63000000001,24701.14000000001,24536.14000000001,24627.04000000001,181946.00796306494
2026-06-29T00:00:00+00:00,24627.04000000001,24799.29000000001,24627.04000000001,24684.65000000001,138413
2026-06-29T12:00:00+00:00,24684.65000000001,24744.29000000001,24551.16000000001,24740.54000000001,105390
2026-06-30T00:00:00+00:00,24740.54000000001,25021.15000000001,24676.30000000001,24990.65000000001,82271.45633991301
2026-06-30T12:00:00+00:00,24990.65000000001,25038.29000000001,24872.64000000001,25007.04000000001,76569
2026-07-01T00:00:00+00:00,25007.04000000001,25099.11000000001,24952.01000000001,24994.12000000001,84326.21619487426
2026-07-01T12:00:00+00:00,24994.12000000001,25090.77000000001,24885.10000000001,25048.610000000008,95691.13934763444
2026-07-02T00:00:00+00:00,25048.610000000008,25309.170000000006,24947.050000000007,25300.660000000007,96442.869667548
2026-07-02T12:00:00+00:00,25300.660000000007,25662.170000000006,25292.160000000007,25619.050000000007,148895
2026-07-03T00:00:00+00:00,25619.050000000007,25826.920000000006,25604.060000000005,25707.410000000007,72744.60363700101
2026-07-03T12:00:00+00:00,25707.410000000007,25837.430000000004,25701.410000000007,25823.570000000003,30977.33752544535
2026-07-06T00:00:00+00:00,25823.570000000003,25913.190000000006,25757.700000000004,25768.200000000004,68018.12331977166
2026-07-06T12:00:00+00:00,25768.200000000004,25846.690000000006,25696.690000000006,25821.600000000006,66881
2026-07-07T00:00:00+00:00,25821.600000000006,25821.600000000006,25623.050000000007,25647.550000000007,80675
2026-07-07T12:00:00+00:00,25647.550000000007,25709.550000000007,25408.460000000006,25468.940000000006,90123
2026-07-08T00:00:00+00:00,25468.940000000006,25533.180000000004,24825.030000000006,24991.530000000006,185779.0242461921
2026-07-08T12:00:00+00:00,24991.530000000006,25083.040000000005,24846.530000000006,25012.510000000002,147975.71529805267
2026-07-09T00:00:00+00:00,25012.510000000002,25122.640000000003,24853.140000000003,24937.130000000005,123397
2026-07-09T12:00:00+00:00,24937.130000000005,25130.770000000004,24928.130000000005,25111.020000000004,77483
2026-07-10T00:00:00+00:00,25111.020000000004,25190.730000000003,25042.730000000003,25093.750000000004,81191.79457919196
2026-07-10T12:00:00+00:00,25093.750000000004,25183.74,24914.750000000004,25093.640000000003,79528.98206777772
2026-07-13T00:00:00+00:00,25093.640000000003,25147.620000000006,24758.520000000004,25089.630000000005,90117
2026-07-13T12:00:00+00:00,25089.630000000005,25123.620000000006,24955.260000000006,25004.530000000006,113564
2026-07-14T00:00:00+00:00,25004.530000000006,25004.530000000006,24762.020000000004,24899.600000000006,150500.29066065737
2026-07-14T12:00:00+00:00,24899.600000000006,25194.520000000004,24852.110000000004,25024.520000000004,132650
2026-07-15T00:00:00+00:00,25024.520000000004,25123.010000000006,24813.260000000006,24981.380000000005,95597.55945614993
2026-07-15T12:00:00+00:00,24981.380000000005,25040.870000000006,24904.030000000006,24977.760000000002,99388.78973834484
2026-07-16T00:00:00+00:00,24977.760000000002,25041.570000000003,24676.160000000003,24754.670000000002,116640.2707064392
2026-07-16T12:00:00+00:00,24754.670000000002,24920.65,24681.15,24863.070000000003,101646
2026-07-17T00:00:00+00:00,24863.070000000003,24863.070000000003,24590.9,24780.99,121617.342578832
2026-07-17T12:00:00+00:00,24780.99,24864.63,24677.480000000003,24812.890000000003,111730
2026-07-20T00:00:00+00:00,24812.890000000003,24932.260000000006,24685.390000000003,24899.250000000004,126284.96581180069
2026-07-20T12:00:00+00:00,24899.250000000004,24901.760000000006,24648.390000000003,24656.660000000003,117152
2026-07-21T00:00:00+00:00,24656.660000000003,24943.870000000003,24656.660000000003,24850.890000000003,96695.06926658905
2026-07-21T12:00:00+00:00,24850.890000000003,25028.020000000004,24765.890000000003,25022.290000000005,74639
2026-07-22T00:00:00+00:00,25022.290000000005,25223.770000000004,24905.400000000005,25010.270000000004,121948.29671386731
2026-07-22T12:00:00+00:00,25010.270000000004,25165.750000000004,25001.260000000006,25102.160000000003,85574
2026-07-23T00:00:00+00:00,25102.160000000003,25166.220000000005,24847.580000000005,24944.090000000004,126994
2026-07-23T12:00:00+00:00,24944.090000000004,24948.090000000004,24638.090000000004,24690.480000000003,140856
2026-07-24T00:00:00+00:00,24690.480000000003,24954.500000000004,24642.640000000003,24915.490000000005,97965
2026-07-24T12:00:00+00:00,24915.490000000005,25085.010000000006,24853.500000000004,25026.390000000003,99664
2026-07-27T00:00:00+00:00,25026.390000000003,25503.460000000003,25026.390000000003,25485.450000000004,103070.07056390525
2026-07-27T12:00:00+00:00,25485.450000000004,25523.950000000004,25324.460000000003,25438.350000000006,121093
2026-07-28T00:00:00+00:00,25438.350000000006,25518.660000000003,25313.640000000003,25363.660000000003,124389
2026-07-28T12:00:00+00:00,25363.660000000003,25510.310000000005,25266.640000000003,25470.550000000003,105013
2026-07-29T00:00:00+00:00,25470.550000000003,25524.390000000003,25232.270000000004,25509.370000000006,160198
2026-07-29T12:00:00+00:00,25509.370000000006,25544.030000000006,25314.270000000004,25334.260000000006,189284
2026-07-30T00:00:00+00:00,25334.260000000006,25513.360000000004,25248.850000000006,25489.840000000004,157908.58576363194
2026-07-30T12:00:00+00:00,25489.840000000004,25671.510000000002,25442.840000000004,25647.760000000002,116763
2026-07-31T00:00:00+00:00,25647.760000000002,25849.940000000002,25607.340000000004,25672.440000000002,110810
2026-07-31T12:00:00+00:00,25672.440000000002,25688.600000000002,25504.940000000002,25652.350000000002,105606
